"feature","chi2","p","n_target","n_reference","direction"
"links",18.8652102984079,1.4028797411747e-05,18,7,"Left-leaning"
"sozial",12.2642686740569,0.000461714128012547,26,21,"Left-leaning"
"denken",8.66186829752738,0.00324937965183747,8,2,"Left-leaning"
"umweltbewusst",7.41872697427469,0.0064548468610679,12,8,"Left-leaning"
"politisch",5.62142235666366,0.0177422442779026,24,27,"Right-leaning"
"kulturell",3.80835098718421,0.0509976346600686,7,4,"Left-leaning"
"daran",3.68649981799274,0.0548546160945469,3,0,"Left-leaning"
"gerechtigkeit",3.68649981799274,0.0548546160945469,3,0,"Left-leaning"
"gleichberechtigung",3.68649981799274,0.0548546160945469,3,0,"Left-leaning"
"linke",3.68649981799274,0.0548546160945469,3,0,"Left-leaning"
"lustig",3.68649981799274,0.0548546160945469,3,0,"Left-leaning"
"progressive",3.68649981799274,0.0548546160945469,3,0,"Left-leaning"
"offen",3.61106782268649,0.0573962553290007,31,43,"Right-leaning"
"wichtig",3.59072645600986,0.058102838520929,6,3,"Left-leaning"
"alternativ",3.38065613233758,0.0659657891057155,4,1,"Left-leaning"
"innen",3.38065613233758,0.0659657891057155,4,1,"Left-leaning"
"interessieren",3.38065613233758,0.0659657891057155,4,1,"Left-leaning"
"kommunikativ",3.38065613233758,0.0659657891057155,4,1,"Left-leaning"
"nachhaltigkeit",3.38065613233758,0.0659657891057155,4,1,"Left-leaning"
"interessiert",3.02342017238927,0.0820702151416228,30,43,"Right-leaning"
"umwelt",2.79355720045219,0.0946439217662185,7,5,"Left-leaning"
"freude",1.9598840213495,0.161525722717413,4,2,"Left-leaning"
"mittelklasse",1.9598840213495,0.161525722717413,4,2,"Left-leaning"
"unabhängig",1.9598840213495,0.161525722717413,4,2,"Left-leaning"
"daher",1.74704914222378,0.186248126731555,3,1,"Left-leaning"
"einstellung",1.74704914222378,0.186248126731555,3,1,"Left-leaning"
"grosszügig",1.74704914222378,0.186248126731555,3,1,"Left-leaning"
"themen",1.74704914222378,0.186248126731555,3,1,"Left-leaning"
"ökologisch",1.74704914222378,0.186248126731555,3,1,"Left-leaning"
"arbeiter",1.07779831693697,0.299190610105414,4,3,"Left-leaning"
"gesellschaft",1.07779831693697,0.299190610105414,4,3,"Left-leaning"
"menschen",0.858811629273203,0.354071462457522,37,66,"Right-leaning"
"flexibel",0.769253313709837,0.380448144855729,3,2,"Left-leaning"
"ganz",0.769253313709837,0.380448144855729,3,2,"Left-leaning"
"nachhaltig",0.769253313709837,0.380448144855729,3,2,"Left-leaning"
"unterwegs",0.769253313709837,0.380448144855729,3,2,"Left-leaning"
"bewusst",0.532528165511121,0.46554590132736,4,4,"Left-leaning"
"gebildete",0.532528165511121,0.46554590132736,4,4,"Left-leaning"
"junge",0.532528165511121,0.46554590132736,4,4,"Left-leaning"
"neugierig",0.532528165511121,0.46554590132736,4,4,"Left-leaning"
"urban",0.532528165511121,0.46554590132736,4,4,"Left-leaning"
"bedacht",0.461190977675862,0.497067893615201,2,1,"Left-leaning"
"erwachsene",0.461190977675862,0.497067893615201,2,1,"Left-leaning"
"erwerbstätig",0.461190977675862,0.497067893615201,2,1,"Left-leaning"
"gerecht",0.461190977675862,0.497067893615201,2,1,"Left-leaning"
"grün",0.461190977675862,0.497067893615201,2,1,"Left-leaning"
"grüne",0.461190977675862,0.497067893615201,2,1,"Left-leaning"
"handwerker",0.461190977675862,0.497067893615201,2,1,"Left-leaning"
"helfen",0.461190977675862,0.497067893615201,2,1,"Left-leaning"
"herzlich",0.461190977675862,0.497067893615201,2,1,"Left-leaning"
"intellektuelle",0.461190977675862,0.497067893615201,2,1,"Left-leaning"
"intelligente",0.461190977675862,0.497067893615201,2,1,"Left-leaning"
"international",0.461190977675862,0.497067893615201,2,1,"Left-leaning"
"kosten",0.461190977675862,0.497067893615201,2,1,"Left-leaning"
"kulturen",0.461190977675862,0.497067893615201,2,1,"Left-leaning"
"kunst",0.461190977675862,0.497067893615201,2,1,"Left-leaning"
"lebensstandard",0.461190977675862,0.497067893615201,2,1,"Left-leaning"
"lebensstil",0.461190977675862,0.497067893615201,2,1,"Left-leaning"
"mehrsprachig",0.461190977675862,0.497067893615201,2,1,"Left-leaning"
"reflektiert",0.461190977675862,0.497067893615201,2,1,"Left-leaning"
"umweltschutz",0.461190977675862,0.497067893615201,2,1,"Left-leaning"
"usw",0.461190977675862,0.497067893615201,2,1,"Left-leaning"
"vegetarisch",0.461190977675862,0.497067893615201,2,1,"Left-leaning"
"zukunft",0.461190977675862,0.497067893615201,2,1,"Left-leaning"
"naturverbunden",0.426896733006655,0.513515616024787,5,6,"Right-leaning"
"freunde",0.368089958807619,0.544047249431556,6,8,"Right-leaning"
"politik",0.368089958807619,0.544047249431556,6,8,"Right-leaning"
"eher",0.31929087871898,0.572034112793418,13,23,"Right-leaning"
"eigene",0.272466853397547,0.601681766138107,3,3,"Left-leaning"
"eingestellt",0.272466853397547,0.601681766138107,3,3,"Left-leaning"
"etc",0.272466853397547,0.601681766138107,3,3,"Left-leaning"
"interessierte",0.272466853397547,0.601681766138107,3,3,"Left-leaning"
"kreativ",0.272466853397547,0.601681766138107,3,3,"Left-leaning"
"sozialen",0.272466853397547,0.601681766138107,3,3,"Left-leaning"
"unkompliziert",0.272466853397547,0.601681766138107,3,3,"Left-leaning"
"aufgeschlossen",0.228321327822014,0.632771341745919,7,12,"Right-leaning"
"einfach",0.211923283176232,0.645264112804913,4,5,"Right-leaning"
"kinder",0.183431115276324,0.668441025845921,5,7,"Right-leaning"
"neues",0.167764542978423,0.682106218898856,6,9,"Right-leaning"
"berufstätig",0.157036470338603,0.69189975306776,2,3,"Right-leaning"
"familienmenschen",0.157036470338603,0.69189975306776,2,3,"Right-leaning"
"fröhlich",0.157036470338603,0.69189975306776,2,3,"Right-leaning"
"gibt",0.157036470338603,0.69189975306776,2,3,"Right-leaning"
"glauben",0.157036470338603,0.69189975306776,2,3,"Right-leaning"
"gutes",0.157036470338603,0.69189975306776,2,3,"Right-leaning"
"kreative",0.157036470338603,0.69189975306776,2,3,"Right-leaning"
"mitmenschen",0.157036470338603,0.69189975306776,2,3,"Right-leaning"
"akademiker",0.122095737127501,0.726772516076187,3,5,"Right-leaning"
"studenten",0.122095737127501,0.726772516076187,3,5,"Right-leaning"
"familie",0.0989686352302697,0.753070840029477,9,17,"Right-leaning"
"beziehung",0.0609523319932281,0.80499702349811,2,2,"Left-leaning"
"freiheitsliebend",0.0609523319932281,0.80499702349811,2,2,"Left-leaning"
"gleiche",0.0609523319932281,0.80499702349811,2,2,"Left-leaning"
"guter",0.0609523319932281,0.80499702349811,2,2,"Left-leaning"
"hinterfragen",0.0609523319932281,0.80499702349811,2,2,"Left-leaning"
"hohe",0.0609523319932281,0.80499702349811,2,2,"Left-leaning"
"jedoch",0.0609523319932281,0.80499702349811,2,2,"Left-leaning"
"künstler",0.0609523319932281,0.80499702349811,2,2,"Left-leaning"
"liberale",0.0609523319932281,0.80499702349811,2,2,"Left-leaning"
"reisefreudig",0.0609523319932281,0.80499702349811,2,2,"Left-leaning"
"stadt",0.0609523319932281,0.80499702349811,2,2,"Left-leaning"
"teil",0.0609523319932281,0.80499702349811,2,2,"Left-leaning"
"tierliebend",0.0609523319932281,0.80499702349811,2,2,"Left-leaning"
"finanziell",0.0506990860365089,0.821851246550425,3,4,"Right-leaning"
"müssen",0.0506990860365089,0.821851246550425,3,4,"Right-leaning"
"orientiert",0.0506990860365089,0.821851246550425,3,4,"Right-leaning"
"umfeld",0.0506990860365089,0.821851246550425,3,4,"Right-leaning"
"verantwortung",0.0506990860365089,0.821851246550425,3,4,"Right-leaning"
"wenig",0.0506990860365089,0.821851246550425,3,4,"Right-leaning"
"aktiv",0.0492317474820384,0.824405522947811,5,8,"Right-leaning"
"freundlich",0.0492317474820384,0.824405522947811,5,8,"Right-leaning"
"kritisch",0.0492317474820384,0.824405522947811,5,8,"Right-leaning"
"bildung",0.0486936712190113,0.825352175816926,4,6,"Right-leaning"
"soziale",0.0486936712190113,0.825352175816926,4,6,"Right-leaning"
"mittelstand",0.0382907121707653,0.844860539915779,11,22,"Right-leaning"
"tolerant",0.0277489617595422,0.867700377115449,8,16,"Right-leaning"
"engagiert",0.0207625984526551,0.885427564338185,6,12,"Right-leaning"
"mittelschicht",0.0138091379556906,0.906454106673386,4,8,"Right-leaning"
"interesse",0.010344673709653,0.918987841519227,3,6,"Right-leaning"
"denkende",0.00688834837727086,0.933854660966182,2,4,"Right-leaning"
"einsetzen",0.00688834837727086,0.933854660966182,2,4,"Right-leaning"
"höhere",0.00688834837727086,0.933854660966182,2,4,"Right-leaning"
"ruhig",0.00688834837727086,0.933854660966182,2,4,"Right-leaning"
"weltoffene",0.00688834837727086,0.933854660966182,2,4,"Right-leaning"
"werte",0.00688834837727086,0.933854660966182,2,4,"Right-leaning"
"wirtschaft",0.00688834837727086,0.933854660966182,2,4,"Right-leaning"
"ähnliche",0.00688834837727086,0.933854660966182,2,4,"Right-leaning"
"abgesichert",0.00344013331160535,0.95322877446772,1,2,"Right-leaning"
"alleinstehend",0.00344013331160535,0.95322877446772,1,2,"Right-leaning"
"angestellte",0.00344013331160535,0.95322877446772,1,2,"Right-leaning"
"arbeitende",0.00344013331160535,0.95322877446772,1,2,"Right-leaning"
"arbeitstätig",0.00344013331160535,0.95322877446772,1,2,"Right-leaning"
"belesen",0.00344013331160535,0.95322877446772,1,2,"Right-leaning"
"bezahlt",0.00344013331160535,0.95322877446772,1,2,"Right-leaning"
"bezug",0.00344013331160535,0.95322877446772,1,2,"Right-leaning"
"bilden",0.00344013331160535,0.95322877446772,1,2,"Right-leaning"
"breites",0.00344013331160535,0.95322877446772,1,2,"Right-leaning"
"denke",0.00344013331160535,0.95322877446772,1,2,"Right-leaning"
"ehemalige",0.00344013331160535,0.95322877446772,1,2,"Right-leaning"
"eigenes",0.00344013331160535,0.95322877446772,1,2,"Right-leaning"
"entweder",0.00344013331160535,0.95322877446772,1,2,"Right-leaning"
"ferien",0.00344013331160535,0.95322877446772,1,2,"Right-leaning"
"freizeit",0.00344013331160535,0.95322877446772,1,2,"Right-leaning"
"gehen",0.00344013331160535,0.95322877446772,1,2,"Right-leaning"
"geniessen",0.00344013331160535,0.95322877446772,1,2,"Right-leaning"
"geschehen",0.00344013331160535,0.95322877446772,1,2,"Right-leaning"
"gesundem",0.00344013331160535,0.95322877446772,1,2,"Right-leaning"
"gesundheit",0.00344013331160535,0.95322877446772,1,2,"Right-leaning"
"grossstadt",0.00344013331160535,0.95322877446772,1,2,"Right-leaning"
"herkunft",0.00344013331160535,0.95322877446772,1,2,"Right-leaning"
"immer",0.00344013331160535,0.95322877446772,1,2,"Right-leaning"
"kinderlos",0.00344013331160535,0.95322877446772,1,2,"Right-leaning"
"kritische",0.00344013331160535,0.95322877446772,1,2,"Right-leaning"
"lebensfroh",0.00344013331160535,0.95322877446772,1,2,"Right-leaning"
"leisten",0.00344013331160535,0.95322877446772,1,2,"Right-leaning"
"lernen",0.00344013331160535,0.95322877446772,1,2,"Right-leaning"
"musik",0.00344013331160535,0.95322877446772,1,2,"Right-leaning"
"möchten",0.00344013331160535,0.95322877446772,1,2,"Right-leaning"
"möglich",0.00344013331160535,0.95322877446772,1,2,"Right-leaning"
"nett",0.00344013331160535,0.95322877446772,1,2,"Right-leaning"
"organisiert",0.00344013331160535,0.95322877446772,1,2,"Right-leaning"
"pflege",0.00344013331160535,0.95322877446772,1,2,"Right-leaning"
"sicheres",0.00344013331160535,0.95322877446772,1,2,"Right-leaning"
"sinn",0.00344013331160535,0.95322877446772,1,2,"Right-leaning"
"sorge",0.00344013331160535,0.95322877446772,1,2,"Right-leaning"
"soziales",0.00344013331160535,0.95322877446772,1,2,"Right-leaning"
"städtisch",0.00344013331160535,0.95322877446772,1,2,"Right-leaning"
"uniabschluss",0.00344013331160535,0.95322877446772,1,2,"Right-leaning"
"unterstützen",0.00344013331160535,0.95322877446772,1,2,"Right-leaning"
"vorhanden",0.00344013331160535,0.95322877446772,1,2,"Right-leaning"
"weltgeschehen",0.00344013331160535,0.95322877446772,1,2,"Right-leaning"
"wertvorstellungen",0.00344013331160535,0.95322877446772,1,2,"Right-leaning"
"wären",0.00344013331160535,0.95322877446772,1,2,"Right-leaning"
"ziemlich",0.00344013331160535,0.95322877446772,1,2,"Right-leaning"
"ähnlich",0.00344013331160535,0.95322877446772,1,2,"Right-leaning"
"ähnlichen",0.00344013331160535,0.95322877446772,1,2,"Right-leaning"
"sportlich",1.85776953554124e-05,0.996560980524979,4,7,"Right-leaning"
"weltoffen",-0.000569411629026131,0.980962408053123,12,26,"Right-leaning"
"leben",-0.000860600955895267,0.976596614587214,18,39,"Right-leaning"
"alter",-0.000954888221322025,0.975348280530856,2,6,"Right-leaning"
"familien",-0.000954888221322025,0.975348280530856,2,6,"Right-leaning"
"schweiz",-0.000954888221322025,0.975348280530856,2,6,"Right-leaning"
"natur",-0.00589218010506768,0.938814044649706,4,9,"Right-leaning"
"denen",-0.00714267092912719,0.932647514831703,1,4,"Right-leaning"
"eltern",-0.00714267092912719,0.932647514831703,1,4,"Right-leaning"
"gesellschaftlich",-0.00714267092912719,0.932647514831703,1,4,"Right-leaning"
"menschenverstand",-0.00714267092912719,0.932647514831703,1,4,"Right-leaning"
"nehmen",-0.00714267092912719,0.932647514831703,1,4,"Right-leaning"
"neutral",-0.00714267092912719,0.932647514831703,1,4,"Right-leaning"
"steuern",-0.00714267092912719,0.932647514831703,1,4,"Right-leaning"
"studium",-0.00714267092912719,0.932647514831703,1,4,"Right-leaning"
"vielen",-0.00714267092912719,0.932647514831703,1,4,"Right-leaning"
"weiterbildung",-0.00714267092912719,0.932647514831703,1,4,"Right-leaning"
"gegenüber",-0.0143133523324863,0.904769580909235,3,7,"Right-leaning"
"kultur",-0.0143133523324863,0.904769580909235,3,7,"Right-leaning"
"sparsam",-0.0143133523324863,0.904769580909235,3,7,"Right-leaning"
"normale",-0.0215122093012809,0.883392175019284,4,11,"Right-leaning"
"viele",-0.0328836393466819,0.856101914785995,2,5,"Right-leaning"
"offene",-0.0434623012156226,0.834857210373403,5,12,"Right-leaning"
"ehrliche",-0.0844204888808054,0.771393943512552,1,3,"Right-leaning"
"eigenständig",-0.0844204888808054,0.771393943512552,1,3,"Right-leaning"
"gehobener",-0.0844204888808054,0.771393943512552,1,3,"Right-leaning"
"gesellig",-0.0844204888808054,0.771393943512552,1,3,"Right-leaning"
"gesunder",-0.0844204888808054,0.771393943512552,1,3,"Right-leaning"
"interessant",-0.0844204888808054,0.771393943512552,1,3,"Right-leaning"
"jahre",-0.0844204888808054,0.771393943512552,1,3,"Right-leaning"
"karriere",-0.0844204888808054,0.771393943512552,1,3,"Right-leaning"
"kontakt",-0.0844204888808054,0.771393943512552,1,3,"Right-leaning"
"loyal",-0.0844204888808054,0.771393943512552,1,3,"Right-leaning"
"meinungen",-0.0844204888808054,0.771393943512552,1,3,"Right-leaning"
"mensch",-0.0844204888808054,0.771393943512552,1,3,"Right-leaning"
"normal",-0.0844204888808054,0.771393943512552,1,3,"Right-leaning"
"positiv",-0.0844204888808054,0.771393943512552,1,3,"Right-leaning"
"rücksichtsvoll",-0.0844204888808054,0.771393943512552,1,3,"Right-leaning"
"sicherheit",-0.0844204888808054,0.771393943512552,1,3,"Right-leaning"
"sport",-0.0844204888808054,0.771393943512552,1,3,"Right-leaning"
"tierlieb",-0.0844204888808054,0.771393943512552,1,3,"Right-leaning"
"trotzdem",-0.0844204888808054,0.771393943512552,1,3,"Right-leaning"
"wert",-0.0844204888808054,0.771393943512552,1,3,"Right-leaning"
"wohnen",-0.0844204888808054,0.771393943512552,1,3,"Right-leaning"
"zeit",-0.0844204888808054,0.771393943512552,1,3,"Right-leaning"
"arbeit",-0.12672989599413,0.721846985557882,1,5,"Right-leaning"
"aufgewachsen",-0.12672989599413,0.721846985557882,1,5,"Right-leaning"
"fleissig",-0.12672989599413,0.721846985557882,1,5,"Right-leaning"
"stehen",-0.12672989599413,0.721846985557882,1,5,"Right-leaning"
"vielseitig",-0.12672989599413,0.721846985557882,1,5,"Right-leaning"
"weniger",-0.12672989599413,0.721846985557882,1,5,"Right-leaning"
"meinung",-0.205972342684325,0.649942724697921,6,16,"Right-leaning"
"30",-0.315625006143471,0.57424879527066,0,3,"Right-leaning"
"ab",-0.315625006143471,0.57424879527066,0,3,"Right-leaning"
"ausgeglichen",-0.315625006143471,0.57424879527066,0,3,"Right-leaning"
"berufe",-0.315625006143471,0.57424879527066,0,3,"Right-leaning"
"direkt",-0.315625006143471,0.57424879527066,0,3,"Right-leaning"
"diskutieren",-0.315625006143471,0.57424879527066,0,3,"Right-leaning"
"egal",-0.315625006143471,0.57424879527066,0,3,"Right-leaning"
"essen",-0.315625006143471,0.57424879527066,0,3,"Right-leaning"
"fleissige",-0.315625006143471,0.57424879527066,0,3,"Right-leaning"
"genau",-0.315625006143471,0.57424879527066,0,3,"Right-leaning"
"gewissenhaft",-0.315625006143471,0.57424879527066,0,3,"Right-leaning"
"glaube",-0.315625006143471,0.57424879527066,0,3,"Right-leaning"
"gleichem",-0.315625006143471,0.57424879527066,0,3,"Right-leaning"
"gleichen",-0.315625006143471,0.57424879527066,0,3,"Right-leaning"
"hilfsbereite",-0.315625006143471,0.57424879527066,0,3,"Right-leaning"
"hochschulabschluss",-0.315625006143471,0.57424879527066,0,3,"Right-leaning"
"kader",-0.315625006143471,0.57424879527066,0,3,"Right-leaning"
"korrekt",-0.315625006143471,0.57424879527066,0,3,"Right-leaning"
"lebend",-0.315625006143471,0.57424879527066,0,3,"Right-leaning"
"ländlich",-0.315625006143471,0.57424879527066,0,3,"Right-leaning"
"mittleres",-0.315625006143471,0.57424879527066,0,3,"Right-leaning"
"naturverbundene",-0.315625006143471,0.57424879527066,0,3,"Right-leaning"
"neuem",-0.315625006143471,0.57424879527066,0,3,"Right-leaning"
"nie",-0.315625006143471,0.57424879527066,0,3,"Right-leaning"
"pflichtbewusst",-0.315625006143471,0.57424879527066,0,3,"Right-leaning"
"pünktlich",-0.315625006143471,0.57424879527066,0,3,"Right-leaning"
"reisen",-0.315625006143471,0.57424879527066,0,3,"Right-leaning"
"relativ",-0.315625006143471,0.57424879527066,0,3,"Right-leaning"
"ruhe",-0.315625006143471,0.57424879527066,0,3,"Right-leaning"
"spass",-0.315625006143471,0.57424879527066,0,3,"Right-leaning"
"städter",-0.315625006143471,0.57424879527066,0,3,"Right-leaning"
"sympathische",-0.315625006143471,0.57424879527066,0,3,"Right-leaning"
"tolerante",-0.315625006143471,0.57424879527066,0,3,"Right-leaning"
"umgang",-0.315625006143471,0.57424879527066,0,3,"Right-leaning"
"verantwortungsbewusst",-0.315625006143471,0.57424879527066,0,3,"Right-leaning"
"verantwortungsvoll",-0.315625006143471,0.57424879527066,0,3,"Right-leaning"
"verbringen",-0.315625006143471,0.57424879527066,0,3,"Right-leaning"
"verheiratet",-0.315625006143471,0.57424879527066,0,3,"Right-leaning"
"verlässlich",-0.315625006143471,0.57424879527066,0,3,"Right-leaning"
"versuchen",-0.315625006143471,0.57424879527066,0,3,"Right-leaning"
"vorurteile",-0.315625006143471,0.57424879527066,0,3,"Right-leaning"
"wirtschaftlich",-0.315625006143471,0.57424879527066,0,3,"Right-leaning"
"zielorientiert",-0.315625006143471,0.57424879527066,0,3,"Right-leaning"
"zielstrebig",-0.315625006143471,0.57424879527066,0,3,"Right-leaning"
"zählen",-0.315625006143471,0.57424879527066,0,3,"Right-leaning"
"denkend",-0.345557638497124,0.556638680264423,1,6,"Right-leaning"
"interessen",-0.345557638497124,0.556638680264423,1,6,"Right-leaning"
"konservativ",-0.345557638497124,0.556638680264423,1,6,"Right-leaning"
"unternehmer",-0.345557638497124,0.556638680264423,1,6,"Right-leaning"
"gebildet",-0.38769252536493,0.533514808845425,10,27,"Right-leaning"
"ausbildung",-0.415706403569042,0.519087277971646,2,9,"Right-leaning"
"jung",-0.415706403569042,0.519087277971646,2,9,"Right-leaning"
"bescheiden",-0.62654792884129,0.4286243908328,1,7,"Right-leaning"
"familiär",-0.62654792884129,0.4286243908328,1,7,"Right-leaning"
"wissen",-0.62654792884129,0.4286243908328,1,7,"Right-leaning"
"einkommen",-0.66392611152979,0.415177290503874,2,10,"Right-leaning"
"allgemeinwissen",-0.685566353770285,0.407676534706077,0,4,"Right-leaning"
"eigenen",-0.685566353770285,0.407676534706077,0,4,"Right-leaning"
"engagierte",-0.685566353770285,0.407676534706077,0,4,"Right-leaning"
"gegend",-0.685566353770285,0.407676534706077,0,4,"Right-leaning"
"geld",-0.685566353770285,0.407676534706077,0,4,"Right-leaning"
"hart",-0.685566353770285,0.407676534706077,0,4,"Right-leaning"
"höheren",-0.685566353770285,0.407676534706077,0,4,"Right-leaning"
"introvertiert",-0.685566353770285,0.407676534706077,0,4,"Right-leaning"
"kindern",-0.685566353770285,0.407676534706077,0,4,"Right-leaning"
"kollegen",-0.685566353770285,0.407676534706077,0,4,"Right-leaning"
"mitte-links",-0.685566353770285,0.407676534706077,0,4,"Right-leaning"
"sagen",-0.685566353770285,0.407676534706077,0,4,"Right-leaning"
"spontan",-0.685566353770285,0.407676534706077,0,4,"Right-leaning"
"umgänglich",-0.685566353770285,0.407676534706077,0,4,"Right-leaning"
"weiss",-0.685566353770285,0.407676534706077,0,4,"Right-leaning"
"wohl",-0.685566353770285,0.407676534706077,0,4,"Right-leaning"
"zufrieden",-0.685566353770285,0.407676534706077,0,4,"Right-leaning"
"zuverlässig",-0.685566353770285,0.407676534706077,0,4,"Right-leaning"
"ausgebildet",-0.949102086290303,0.329947958863754,1,8,"Right-leaning"
"personen",-0.957207799768937,0.327891374648653,9,28,"Right-leaning"
"beruf",-1.09432420399545,0.295515087215591,0,5,"Right-leaning"
"informiert",-1.09432420399545,0.295515087215591,0,5,"Right-leaning"
"job",-1.09432420399545,0.295515087215591,0,5,"Right-leaning"
"kommen",-1.09432420399545,0.295515087215591,0,5,"Right-leaning"
"staat",-1.09432420399545,0.295515087215591,0,5,"Right-leaning"
"schweizer",-1.25509767809114,0.262581077182478,2,12,"Right-leaning"
"bürgerlich",-1.52267314913925,0.217215413876075,0,6,"Right-leaning"
"ehrgeizig",-1.52267314913925,0.217215413876075,0,6,"Right-leaning"
"mehr",-1.52267314913925,0.217215413876075,0,6,"Right-leaning"
"rechts",-1.52267314913925,0.217215413876075,0,6,"Right-leaning"
"schätzen",-1.52267314913925,0.217215413876075,0,6,"Right-leaning"
"selbständig",-1.52267314913925,0.217215413876075,0,6,"Right-leaning"
"ehrlich",-1.57231453044317,0.209871205929997,3,14,"Right-leaning"
"bürger",-1.67396021062771,0.195728935454146,1,10,"Right-leaning"
"land",-1.96237397431882,0.161259653607484,0,7,"Right-leaning"
"selber",-1.96237397431882,0.161259653607484,0,7,"Right-leaning"
"intelligent",-2.06315651519252,0.15089730890926,1,11,"Right-leaning"
"leute",-2.10785154808268,0.146544933966086,22,67,"Right-leaning"
"liberal",-2.21027474514172,0.137094253313647,4,19,"Right-leaning"
"bodenständige",-2.40930728737103,0.12061572858524,0,8,"Right-leaning"
"modern",-2.86118472882773,0.0907406438843148,0,9,"Right-leaning"
"bodenständig",-2.8763593062737,0.0898890454125338,1,13,"Right-leaning"
"gute",-2.98251862088749,0.0841682031533503,3,18,"Right-leaning"
"mitte",-3.15645476963581,0.0756272545885177,2,15,"Right-leaning"
"dass",-3.2958723079077,0.0694542078085127,1,14,"Right-leaning"
"hilfsbereit",-3.56561754094254,0.0589877958789896,2,16,"Right-leaning"
"arbeiten",-7.12014617424949,0.00762224914271847,1,20,"Right-leaning"
"gerne",-7.46581803747347,0.00628814513067655,2,25,"Right-leaning"
"gut",-7.91459835139959,0.00490374659978166,2,26,"Right-leaning"
